MovieID,Genres
0,Animation|Children's|Comedy
1,Adventure|Children's|Fantasy
2,Comedy|Romance
3,Comedy|Drama
4,Comedy
5,Action|Crime|Thriller
6,Comedy|Romance
7,Adventure|Children's
8,Action
9,Action|Adventure|Thriller
10,Comedy|Drama|Romance
11,Comedy|Horror
12,Animation|Children's
13,Drama
14,Action|Adventure|Romance
15,Drama|Thriller
16,Drama|Romance
17,Thriller
18,Comedy
19,Action
20,Action|Comedy|Drama
21,Crime|Drama|Thriller
22,Thriller
23,Drama|Sci-Fi
24,Drama|Romance
25,Drama
26,Drama
27,Romance
28,Adventure|Sci-Fi
29,Drama
30,Drama
31,Drama|Sci-Fi
32,Adventure|Romance
33,Children's|Comedy|Drama
34,Drama|Romance
35,Drama
36,Documentary
37,Comedy
38,Comedy|Romance
39,Drama
40,Drama|War
41,Action|Crime|Drama
42,Drama
43,Action|Adventure
44,Comedy|Drama
45,Drama|Romance
46,Crime|Thriller
47,Animation|Children's|Musical|Romance
48,Drama|Romance
49,Crime|Thriller
50,Action|Drama|Thriller
51,Comedy
52,Drama
53,Children's|Comedy
54,Drama
55,Adventure|Children's|Fantasy
56,Drama
57,Drama|Romance
58,Drama|Mystery
59,Adventure|Children's|Fantasy
60,Drama|Thriller
61,Drama
62,Comedy
63,Comedy|Romance
64,Comedy
65,Sci-Fi|Thriller
66,Drama
67,Comedy|Romance
68,Comedy
69,Action|Comedy|Crime|Horror|Thriller
70,Action
71,Comedy|Drama
72,Drama|Musical
73,Drama|Romance
74,Comedy|Drama
75,Sci-Fi|Thriller
76,Documentary
77,Drama
78,Drama|Thriller
79,Drama
80,Crime|Drama|Romance
81,Drama
82,Drama
83,Comedy|Drama
84,Drama|Romance
85,Adventure|Drama
86,Children's|Comedy
87,Comedy
88,Action|Thriller
89,Drama
90,Drama|Thriller
91,Comedy|Romance
92,Drama
93,Action|Thriller
94,Comedy
95,Drama
96,Action|Thriller
97,Documentary
98,Drama|Thriller
99,Comedy
100,Comedy
101,Thriller
102,Comedy
103,Drama|Romance
104,Comedy|Drama
105,Adventure|Children's|Comedy|Musical
106,Documentary
107,Comedy
108,Action|Drama|War
109,Drama|Thriller
110,Action|Adventure|Crime
111,Drama|Mystery
112,Drama
113,Comedy
114,Documentary
115,Crime
116,Comedy|Romance
117,Comedy
118,Drama
119,Drama
120,Comedy|Romance
121,Drama|Mystery|Romance
122,Drama
123,Comedy
124,Adventure|Children's|Fantasy
125,Drama
126,Documentary
127,Comedy|Romance
128,Drama
129,Drama|Romance
130,Thriller
131,Comedy|Drama
132,Documentary
133,Comedy
134,Documentary
135,Documentary
136,Drama
137,Action|Drama
138,Drama|Romance
139,Comedy
140,Drama
141,Drama
142,Comedy
143,Action
144,Adventure|Children's
145,Drama
146,Drama
147,Crime|Drama|Thriller
148,Drama
149,Drama|Romance|War
150,Horror
151,Action|Adventure|Comedy|Crime
152,Drama
153,Drama|War
154,Comedy
155,Comedy|War
156,Adventure|Children's
157,Drama
158,Action|Adventure|Mystery|Sci-Fi
159,Drama|Thriller|War
160,Documentary
161,Action|Romance|Thriller
162,Crime|Film-Noir|Mystery|Thriller
163,Action|Thriller
164,Comedy|Drama
165,Drama
166,Action|Adventure|Drama|Romance
167,Adventure|Children's|Drama
168,Action|Crime|Thriller
169,Comedy
170,Action|Sci-Fi|Thriller
171,Action|Adventure|Sci-Fi
172,Comedy
173,Drama
174,Comedy
175,Horror
176,Comedy
177,Drama|Romance
178,Comedy
179,Action|Children's
180,Drama|Romance
181,Thriller
182,Drama
183,Sci-Fi|Thriller
184,Comedy
185,Comedy
186,Horror
187,Comedy
188,Thriller
189,Drama
190,Documentary
191,Drama
192,Drama
193,Comedy|Drama|Romance
194,Horror|Sci-Fi
195,Drama
196,Action|Crime|Sci-Fi
197,Drama|Musical
198,Thriller
199,Drama
200,Drama|Romance
201,Comedy
202,Action
203,Comedy|Drama
204,Documentary
205,Drama|Romance
206,Action|Adventure
207,Drama
208,Western
209,Drama
210,Comedy
211,Drama
212,Drama
213,Drama|Romance
214,Comedy
215,Drama|Thriller
216,Comedy|Drama
217,Drama
218,Horror
219,Drama|Romance
220,Comedy
221,Comedy|Drama|Romance
222,Drama|Thriller
223,Thriller
224,Action
225,Comedy
226,Drama|Thriller
227,Drama|Thriller
228,Comedy
229,Comedy|Drama
230,Drama
231,Comedy
232,Comedy|Drama
233,Comedy|Romance
234,Comedy|Romance
235,Adventure|Children's
236,Animation|Children's|Comedy|Romance
237,Thriller
238,Children's|Drama
239,Drama|Musical
240,Comedy
241,Animation|Children's
242,Crime|Drama
243,Documentary
244,Drama|Fantasy|Romance|Thriller
245,Comedy
246,Drama|Romance
247,Children's|Comedy
248,Action
249,Comedy|Romance
250,Drama|Horror
251,Drama
252,Comedy
253,Comedy|Sci-Fi
254,Mystery|Thriller
255,Adventure|Children's|Comedy|Fantasy|Romance
256,Crime|Drama|Thriller
257,Action|Adventure|Fantasy|Sci-Fi
258,Drama
259,Children's|Drama
260,Drama
261,Drama
262,Drama|Romance
263,Drama|Romance|War|Western
264,Comedy
265,Drama
266,Drama
267,Drama|Romance
268,Drama
269,Drama
270,Drama|Horror
271,Comedy
272,Comedy
273,Comedy|Romance
274,Drama
275,Comedy
276,Drama
277,Drama|Thriller
278,Drama
279,Drama
280,Crime|Drama
281,Action|Crime
282,Drama|Horror
283,Action|Sci-Fi|Thriller
284,Comedy|Romance
285,Action|Thriller
286,Comedy|Romance
287,Crime|Drama
288,Thriller
289,Action|Drama|Thriller
290,Crime|Drama|Romance|Thriller
291,Comedy|Romance
292,Comedy|Romance
293,Crime|Drama
294,Drama
295,Comedy
296,Drama
297,Drama
298,Drama|Romance
299,Drama|Romance
300,Action|Adventure|Western
301,Comedy|Drama
302,Comedy
303,Drama
304,Drama
305,Drama
306,Drama
307,Comedy
308,Horror|Thriller
309,Comedy
310,Animation|Children's
311,Drama
312,Action
313,Action|Adventure|Sci-Fi
314,Children's|Comedy|Fantasy
315,Drama
316,Thriller
317,Film-Noir|Thriller
318,Drama
319,Comedy|Drama
320,Comedy
321,Comedy
322,Drama
323,Action|Comedy|Musical|Sci-Fi
324,Horror
325,Action|Adventure|Sci-Fi
326,Comedy|Horror
327,Drama
328,Horror|Sci-Fi
329,Comedy
330,Drama
331,Mystery|Thriller
332,Drama|War
333,Drama
334,Sci-Fi|Thriller
335,Comedy|Romance
336,Adventure|Drama
337,Drama
338,Comedy|Romance
339,Children's
340,Comedy
341,Comedy|Drama
342,Drama|Musical
343,Drama
344,Comedy
345,Action|Adventure|Thriller
346,Drama|Mystery|Thriller
347,Comedy|Drama|Romance
348,Comedy
349,Action|Romance|Thriller
350,Drama
351,Children's|Comedy
352,Comedy|Romance|War
353,Comedy|Romance
354,Drama
355,Comedy|Drama|Romance
356,Action|Comedy
357,Drama|Romance
358,Adventure|Children's|Romance
359,Documentary
360,Animation|Children's|Musical
361,Drama
362,Horror
363,Comedy|Crime|Fantasy
364,Action|Comedy|Western
365,Drama
366,Comedy
367,Comedy|Drama
368,Comedy|Drama
369,Thriller
370,Children's|Comedy
371,Drama
372,Action|Thriller
373,Action|Romance|Thriller
374,Comedy|Romance
375,Action|Sci-Fi
376,Action|Adventure|Comedy|Romance
377,Drama
378,Drama|Horror
379,Western
380,Action
381,Drama
382,Drama
383,Action|Comedy
384,Drama
385,Drama|Romance|War
386,Action|Comedy|Drama
387,Crime|Drama
388,Adventure|Children's
389,Action
390,Action
391,Drama
392,Drama
393,Horror
394,Documentary
395,Drama
396,Drama
397,Action|Thriller
398,Comedy
399,Comedy|Crime|Drama
400,Documentary
401,Action|Sci-Fi
402,Drama
403,Horror|Thriller
404,Drama
405,Drama
406,Comedy
407,Comedy
408,Drama
409,Comedy
410,Comedy
411,Comedy|Thriller
412,Western
413,Comedy|Romance
414,Drama
415,Comedy
416,Action|Comedy
417,Adventure|Children's
418,Thriller
419,Action|Thriller
420,Drama
421,Drama|Romance
422,Horror|Sci-Fi|Thriller
423,Mystery|Romance|Thriller
424,Drama
425,Comedy
426,Drama
427,Crime|Drama
428,Comedy|Western
429,Comedy
430,Action|Adventure|Crime
431,Comedy|Sci-Fi
432,Drama|Thriller
433,Comedy
434,Action|Comedy
435,Drama
436,Comedy|Romance
437,Comedy
438,Action|Sci-Fi
439,Documentary
440,Comedy|Romance
441,Comedy
442,Drama|Romance
443,Comedy|Romance
444,Drama
445,Comedy
446,Comedy|Drama
447,Drama|Mystery|Romance
448,Drama
449,Comedy
450,Drama|Thriller
451,Adventure|Children's|Drama
452,Drama
453,Action|Thriller
454,Drama|Western
455,Action
456,Comedy
457,Drama|Romance
458,Action|Adventure
459,Crime|Drama|Thriller
460,Action|Adventure|Crime|Thriller
461,Action|Drama|War
462,Action|Comedy|War
463,Comedy
464,Comedy|Romance
465,Drama|Romance
466,Comedy
467,Comedy|Romance
468,Comedy|Drama
469,Comedy|War
470,Action|Thriller
471,Drama
472,Comedy|Drama
473,Drama
474,Comedy
475,Action
476,Action|Adventure|Sci-Fi
477,Drama|Thriller
478,Thriller
479,Drama
480,Adventure|Children's
481,Action|Comedy
482,Comedy
483,Comedy|Western
484,Drama
485,Comedy
486,Thriller
487,Drama
488,Comedy|Mystery
489,Action|Crime|Drama
490,Action|Thriller
491,Drama
492,Comedy|Drama|Romance
493,Comedy|Romance
494,Drama|Romance
495,Comedy|Romance
496,Comedy
497,Drama
498,Action|Children's
499,Drama
500,Action|Sci-Fi
501,Comedy
502,Drama
503,Action|Drama
504,Drama
505,Drama|Romance
506,Drama
507,Action|Drama
508,Horror|Sci-Fi
509,Comedy|Mystery|Romance
510,Comedy
511,Drama
512,Comedy|Drama|War
513,Action|Drama|Mystery
514,Comedy
515,Sci-Fi|Thriller
516,Comedy
517,Crime|Thriller
518,Action|Drama
519,Drama
520,Drama
521,Drama
522,Drama
523,Drama|War
524,Drama
525,Drama
526,Drama
527,Children's|Drama
528,Comedy|Crime|Horror
529,Action
530,Drama|Romance
531,Drama
532,Drama
533,Comedy|Drama
534,Drama
535,Comedy|Romance
536,Thriller
537,Film-Noir|Sci-Fi
538,Comedy
539,Comedy|Romance|Thriller
540,Action
541,Drama
542,Action|Adventure|Children's|Sci-Fi
543,Action|Adventure|Thriller
544,Action
545,Documentary
546,Comedy|Romance
547,Children's|Comedy|Musical
548,Action|Adventure|Comedy
549,Western
550,Thriller
551,Action|Crime|Romance
552,Documentary
553,Drama
554,Action|Adventure|Animation|Children's|Fantasy
555,Comedy
556,Drama
557,Thriller
558,Comedy|Drama
559,Drama
560,Comedy
561,Horror
562,Comedy|Romance
563,Drama
564,Comedy|Drama
565,Children's|Comedy
566,Comedy|Drama
567,Drama
568,Drama
569,Drama
570,Comedy|Drama
571,Children's|Comedy
572,Comedy
573,Adventure|Children's
574,Drama|Mystery
575,Thriller
576,Drama
577,Documentary
578,Comedy
579,Comedy|Drama
580,Drama
581,Comedy
582,Children's|Comedy
583,Comedy|Romance|Thriller
584,Animation|Children's|Comedy|Musical
585,Action|Sci-Fi|Thriller
586,Adventure|Drama|Western
587,Action|Drama|Thriller
588,Action|Adventure|Crime|Drama
589,Drama|Thriller
590,Animation|Children's|Musical
591,Animation|Children's|Musical
592,Animation|Children's
593,Comedy|Romance
594,Comedy
595,Western
596,Thriller
597,Drama
598,Documentary
599,Comedy
600,Documentary
601,Drama|Romance
602,Horror
603,Drama
604,Crime|Drama|Thriller
605,Adventure|Children's
606,Action|Adventure|Animation|Horror|Sci-Fi
607,Action|Horror|Sci-Fi
608,Comedy
609,Drama|Romance
610,Drama|Thriller
611,Drama
612,Animation|Children's
613,Drama
614,Comedy|Romance
615,Comedy
616,Drama
617,Drama
618,Romance
619,Action|Drama|Thriller
620,Drama
621,Comedy
622,Drama|Thriller
623,Drama|Thriller
624,Drama
625,Drama|Romance
626,Animation|Children's|Musical
627,War
628,Comedy
629,Comedy
630,Comedy|Drama
631,Drama
632,Comedy
633,Romance
634,Comedy
635,Drama|Thriller
636,Comedy
637,Drama
638,Comedy
639,Comedy
640,Drama
641,Drama|War
642,Action|Adventure|Mystery
643,Comedy|Drama
644,Drama
645,Comedy
646,Mystery
647,Action|Adventure|Fantasy
648,Drama|Romance
649,Comedy
650,Comedy
651,Comedy|Drama
652,Drama
653,Crime|Thriller
654,Drama
655,Animation|Children's|Musical
656,Thriller
657,Comedy
658,Comedy
659,War
660,Drama
661,Action
662,Drama
663,Drama
664,Drama
665,Comedy|Sci-Fi
666,Drama
667,Adventure|Animation|Children's|Comedy|Fantasy
668,Adventure|Sci-Fi
669,Action|Drama|Thriller
670,Drama
671,Drama|Thriller
672,Drama
673,Sci-Fi
674,Crime
675,Documentary|Drama
676,Documentary
677,Drama
678,Drama
679,Drama|Romance
680,Action|Adventure|Comedy|War
681,Romance
682,Comedy|Romance
683,Action|Sci-Fi|Thriller
684,Drama
685,Action
686,Mystery|Thriller
687,Thriller
688,Drama|Romance
689,Drama
690,Drama
691,Comedy
692,Drama
693,Drama
694,Drama
695,Action|Adventure
696,Comedy
697,Drama
698,Crime|Film-Noir|Thriller
699,Comedy|Romance
700,Animation|Children's
701,Comedy
702,Adventure|Children's
703,Drama
704,Drama
705,Western
706,Drama
707,Crime
708,Comedy
709,Comedy|Sci-Fi
710,Comedy
711,Animation
712,Drama
713,Documentary
714,Drama
715,Drama|Horror
716,Comedy
717,Drama
718,Documentary
719,Comedy
720,Drama
721,Drama
722,Mystery|Thriller
723,Crime
724,Action|Adventure|Thriller
725,Comedy
726,Comedy|Horror
727,Action|Adventure|Romance|Thriller
728,Action|Sci-Fi
729,Drama
730,Comedy
731,Animation|Sci-Fi
732,Horror|Thriller
733,Comedy
734,Drama
735,Animation|Comedy|Thriller
736,Film-Noir
737,Comedy
738,Action|Sci-Fi|Thriller
739,Drama
740,Sci-Fi|War
741,Comedy
742,Comedy|Romance
743,Comedy|Drama
744,Adventure|Children's
745,Children's|Drama
746,Documentary
747,Drama
748,Drama
749,Documentary
750,War
751,Adventure
752,Comedy|Crime
753,Drama
754,Drama|Romance
755,Comedy|Drama
756,Drama
757,Drama
758,Drama
759,Documentary
760,Drama
761,Comedy|Drama
762,Comedy
763,Drama
764,Drama
765,Horror
766,Comedy|Drama
767,War
768,Drama
769,Drama|Romance
770,Action|Sci-Fi|War
771,Drama
772,Thriller
773,Animation|Children's|Musical
774,Comedy
775,Comedy
776,Action|Thriller
777,Documentary
778,Comedy|Fantasy|Romance|Sci-Fi
779,Drama
780,Drama
781,Documentary
782,Fantasy
783,Drama
784,Comedy|Drama
785,Drama
786,Drama
787,Comedy
788,Action|Adventure|Thriller
789,Comedy|Horror
790,Drama|Mystery
791,Children's|Comedy
792,Drama|Romance
793,Romance
794,Comedy|Romance
795,Drama
796,Drama
797,Comedy|Romance
798,Adventure|Children's
799,Action|Adventure
800,Children's|Comedy|Fantasy
801,Comedy
802,Drama
803,Comedy
804,Drama
805,Action|Mystery|Thriller
806,Drama
807,Comedy
808,Comedy|Drama
809,Drama
810,Romance
811,Drama
812,Drama
813,Drama
814,Comedy|Romance
815,Drama
816,Drama
817,Adventure|Children's
818,Comedy|Musical
819,Comedy
820,Drama
821,Drama|Thriller
822,Comedy
823,Comedy
824,Drama
825,Action|Adventure|Thriller
826,Children's|Comedy
827,Comedy|Drama|Romance
828,Action|Thriller
829,Comedy
830,Horror
831,Horror
832,Drama
833,Drama
834,Drama
835,Drama
836,Comedy|Drama
837,Drama
838,Action|Adventure|Sci-Fi|Thriller
839,Crime|Drama
840,Drama
841,Comedy|Romance
842,Drama
843,Drama
844,Drama
845,Comedy
846,Drama
847,Action|Crime|Drama
848,Documentary
849,Comedy
850,Action|Thriller
851,Drama
852,Comedy
853,Comedy|Drama
854,Drama
855,Crime|Drama|Romance|Thriller
856,Comedy|Crime
857,Comedy
858,Crime
859,Comedy
860,Comedy
861,Drama
862,Drama
863,Crime|Drama
864,Drama
865,Action
866,Drama
867,Drama
868,Horror
869,Sci-Fi|Thriller
870,Children's|Comedy
871,Drama|Thriller
872,Drama
873,Children's|Drama|Fantasy
874,Action
875,Drama
876,Animation|Children's
877,Romance
878,Thriller
879,Horror|Thriller
880,Comedy|Drama|Romance
881,Drama
882,Romance
883,Drama
884,Drama
885,Adventure|War
886,Comedy|Romance
887,Musical|Romance
888,Musical|Romance
889,Comedy|Musical
890,Drama|Romance
891,Mystery|Thriller
892,Mystery|Thriller
893,Comedy
894,Mystery|Thriller
895,Comedy|Musical|Romance
896,Drama|Thriller
897,Comedy|Drama
898,Comedy|Crime
899,Comedy|Mystery|Romance|Thriller
900,Drama|Romance|War
901,Film-Noir|Mystery
902,Musical|Romance
903,Comedy|Romance
904,Comedy|Romance
905,Children's|Drama
906,Musical
907,Adventure|Children's|Drama|Musical
908,Drama|Romance|War
909,Comedy
910,Film-Noir
911,Drama
912,Drama|Mystery|Sci-Fi|Thriller
913,Adventure|Romance
914,Drama
915,Comedy
916,Romance|Thriller
917,Thriller
918,Film-Noir|Romance|Thriller
919,Mystery|Romance|Thriller
920,Romance
921,Comedy|Romance|Thriller
922,Comedy
923,Comedy|Musical
924,Comedy|Romance
925,Comedy|Romance
926,Musical
927,Comedy|Drama
928,Action|Adventure
929,Adventure
930,Crime|Film-Noir|Mystery
931,Drama|Romance
932,Drama
933,Comedy|Musical|Romance
934,Comedy|Drama|War
935,Comedy
936,Drama
937,Drama
938,Mystery
939,Comedy
940,Adventure|Comedy
941,Drama
942,Drama
943,Comedy
944,Drama|Romance
945,Drama
946,Comedy|Mystery
947,Drama
948,Crime|Drama
949,Drama
950,Crime|Drama
951,Musical
952,Western
953,Thriller
954,Drama
955,Western
956,Horror|Sci-Fi
957,Action|Adventure|Romance|War
958,Comedy|Drama
959,Drama
960,Drama
961,Drama
962,Drama|Romance
963,Comedy|Musical
964,Romance|War
965,Mystery
966,Drama
967,Drama|War
968,Action
969,Drama
970,Drama
971,Romance
972,Comedy|Drama
973,Documentary
974,Adventure|Children's
975,Drama|Romance
976,Comedy|Drama
977,Drama
978,Action|Adventure|Thriller
979,Drama|War
980,Thriller
981,Drama
982,Drama
983,Action|Drama|Western
984,Drama|Thriller
985,Action|Crime
986,Crime
987,Crime
988,Comedy
989,Comedy
990,Drama|Thriller
991,Action|Thriller
992,Children's|Comedy
993,Drama
994,Children's|Comedy|Western
995,Western
996,Adventure|Children's|Fantasy
997,Children's|Comedy
998,Adventure|Children's|Comedy
999,Children's|Drama
1000,Children's|Drama
1001,Children's|Comedy|Drama
1002,Adventure|Children's
1003,Children's|Comedy
1004,Adventure|Children's
1005,Children's|Comedy|Mystery
1006,Adventure|Children's|Fantasy|Sci-Fi
1007,Comedy
1008,Children's|Comedy
1009,Animation|Children's|Musical
1010,Animation|Children's
1011,Animation|Children's|Musical
1012,Animation|Children's
1013,Children's|Drama
1014,Drama
1015,Children's|Comedy|Musical
1016,Animation|Children's|Musical
1017,Adventure|Animation|Children's|Musical
1018,Adventure|Children's|Musical
1019,Animation|Children's|Musical
1020,Animation|Children's
1021,Crime
1022,Musical
1023,Action|Thriller
1024,Action|Sci-Fi|Thriller
1025,Drama
1026,Documentary
1027,Drama
1028,Drama
1029,Comedy
1030,Drama|Romance
1031,Drama
1032,Comedy|Drama
1033,Drama|Romance
1034,Action|Thriller
1035,Action|Adventure
1036,Documentary|Drama
1037,Drama
1038,Drama
1039,Crime|Drama
1040,Drama
1041,Thriller
1042,Drama
1043,Comedy|Musical|Romance
1044,Drama
1045,Drama|Romance
1046,Comedy|Drama
1047,Crime|Drama
1048,Drama
1049,Drama
1050,Animation|Children's|Comedy
1051,Mystery
1052,Comedy|Musical|Romance
1053,Comedy|Musical|Romance
1054,Crime|Film-Noir
1055,Film-Noir|Thriller
1056,Adventure
1057,Romance|War
1058,Adventure|Children's|Comedy|Fantasy
1059,Comedy
1060,Thriller
1061,Comedy|Sci-Fi
1062,Comedy|War
1063,Comedy
1064,Comedy
1065,Comedy|Musical
1066,Drama
1067,Comedy|Musical
1068,Crime|Drama
1069,Adventure|Drama
1070,Mystery|Thriller
1071,Musical
1072,Musical|Romance
1073,Crime|Thriller
1074,Drama|War
1075,Comedy
1076,Mystery|Thriller
1077,Drama|Musical
1078,Drama|Romance|War
1079,Drama
1080,Drama
1081,Children's|Drama|Fantasy|Sci-Fi
1082,Comedy
1083,Drama
1084,Action|Romance
1085,Action|Romance
1086,Action
1087,Drama
1088,Drama
1089,Horror
1090,Documentary
1091,Comedy
1092,Documentary
1093,Drama
1094,Action
1095,Documentary
1096,Action|Drama
1097,Comedy
1098,Drama
1099,Comedy|Drama
1100,Drama
1101,Drama
1102,Adventure|Western
1103,Drama
1104,Drama
1105,Drama
1106,Documentary
1107,Documentary
1108,Drama
1109,Comedy
1110,Comedy|Fantasy
1111,Action|Adventure|Sci-Fi|Thriller
1112,Horror
1113,Action|Adventure|Sci-Fi|Thriller
1114,Horror
1115,Drama
1116,Drama
1117,Comedy|Drama
1118,Action|Drama
1119,Comedy
1120,Comedy
1121,Romance
1122,Documentary
1123,Drama
1124,Drama
1125,Drama
1126,Drama
1127,Comedy
1128,Documentary
1129,Documentary
1130,Comedy|Drama
1131,Documentary
1132,Animation|Comedy
1133,Documentary|Drama
1134,Drama
1135,Animation|Comedy|Thriller
1136,Crime|Film-Noir|Thriller
1137,Film-Noir
1138,Film-Noir
1139,Drama
1140,Drama
1141,Drama
1142,Comedy
1143,Romance
1144,Comedy
1145,Drama
1146,Comedy
1147,Drama
1148,Drama
1149,Drama|Thriller
1150,Comedy
1151,Comedy
1152,Horror
1153,Documentary
1154,Action
1155,Comedy
1156,Comedy|Drama|Romance
1157,Drama
1158,Comedy
1159,Comedy|Sci-Fi
1160,Drama
1161,Drama
1162,Drama|War
1163,Crime|Drama|Film-Noir
1164,Comedy
1165,Action
1166,Drama|Romance|War
1167,Comedy|War
1168,Drama
1169,Drama
1170,Drama
1171,Comedy|Romance
1172,Documentary
1173,Drama
1174,Documentary
1175,Documentary
1176,Drama
1177,Comedy
1178,Action|Adventure|Drama|Sci-Fi|War
1179,Action|Adventure|Comedy|Romance
1180,Action|Adventure
1181,Sci-Fi
1182,Action|Sci-Fi|Thriller|War
1183,Action|Western
1184,Comedy
1185,Drama
1186,Adventure|War
1187,Action|Animation|Children's|Sci-Fi|Thriller|War
1188,Sci-Fi
1189,Drama
1190,Drama|War
1191,Western
1192,Action|Adventure|Romance|Sci-Fi|War
1193,Comedy|Drama|Romance
1194,Mystery|Thriller
1195,Crime|Drama
1196,Action|Horror|Sci-Fi|Thriller
1197,Action|Adventure|Comedy|Horror|Sci-Fi
1198,Adventure|Romance
1199,Drama|War
1200,Action|Thriller
1201,Horror|Thriller
1202,Action|Comedy|Musical
1203,Action|Crime|Drama
1204,Action|Drama|War
1205,Animation|Comedy
1206,Drama|War
1207,Drama
1208,Comedy|Romance
1209,Crime|Drama|Thriller
1210,Drama
1211,Comedy|Romance
1212,Drama
1213,Mystery|Sci-Fi
1214,Action|Drama|War
1215,Comedy|Crime
1216,Comedy
1217,Comedy|Drama
1218,Drama
1219,Comedy
1220,Action|Sci-Fi|Thriller
1221,Comedy|Horror
1222,Action|Drama|War
1223,Comedy|Drama
1224,Comedy|Drama|Romance
1225,Drama
1226,Drama
1227,Drama|Romance
1228,Crime|Film-Noir|Thriller
1229,Thriller
1230,Drama|War
1231,Drama
1232,Film-Noir|Mystery|Thriller
1233,Drama|Sci-Fi
1234,Adventure
1235,Comedy|Horror
1236,Comedy|War
1237,Comedy
1238,Horror
1239,Adventure|Comedy|Drama
1240,Crime|Film-Noir|Thriller
1241,Action|Adventure|Comedy|Horror
1242,Adventure|War
1243,Drama|War
1244,Action|Drama|Mystery|Romance|Thriller
1245,Comedy|Romance
1246,Western
1247,Film-Noir|Thriller
1248,Drama
1249,Comedy|Mystery|Thriller
1250,Comedy|Sci-Fi
1251,Drama
1252,Drama|War
1253,Comedy|Drama
1254,Adventure|Animation|Sci-Fi|Thriller
1255,Action|Adventure
1256,Comedy|Drama
1257,Action|Drama|Romance
1258,Comedy|Horror
1259,Comedy|Drama
1260,Drama
1261,Comedy
1262,Animation|Children's|Musical
1263,Western
1264,Film-Noir|Mystery
1265,Comedy
1266,Drama|Romance
1267,Action|Adventure|Drama
1268,Comedy|Drama|Musical
1269,Documentary|War
1270,Drama|Romance
1271,Action|Adventure
1272,Comedy
1273,Drama
1274,Comedy|War
1275,Drama
1276,Drama|Romance
1277,Comedy
1278,Drama|Musical|War
1279,Drama|War
1280,Drama
1281,Sci-Fi
1282,Drama
1283,Adventure
1284,Action|Comedy|Western
1285,Drama
1286,Drama|Sci-Fi
1287,Comedy|Romance
1288,Comedy
1289,Drama|Romance
1290,Documentary
1291,Comedy
1292,Drama
1293,Crime
1294,Romance
1295,Documentary
1296,Drama
1297,Comedy
1298,Comedy|Drama
1299,Documentary
1300,Action|Horror|Sci-Fi|Thriller
1301,Horror
1302,Horror
1303,Horror
1304,Horror
1305,Horror
1306,Horror
1307,Horror
1308,Horror
1309,Horror
1310,Comedy|Horror
1311,Horror
1312,Horror|Thriller
1313,Horror
1314,Horror|Sci-Fi
1315,Action|Horror
1316,Horror
1317,Horror
1318,Horror|Romance
1319,Horror
1320,Horror
1321,Horror
1322,Thriller
1323,Film-Noir|Thriller
1324,Horror
1325,Horror
1326,Horror
1327,Horror
1328,Horror
1329,Horror
1330,Drama
1331,Crime|Thriller
1332,Comedy|Romance
1333,Drama
1334,Horror|Thriller
1335,Action|Adventure|Sci-Fi
1336,Drama|Romance
1337,Drama|Thriller
1338,Adventure|Children's|Comedy
1339,Drama
1340,Documentary
1341,Drama
1342,Drama
1343,Action
1344,Drama
1345,Drama
1346,Children's|Comedy
1347,Drama
1348,Drama|Thriller
1349,Action|Thriller
1350,Action|Adventure|Sci-Fi
1351,Action|Adventure|Sci-Fi
1352,Action|Adventure|Sci-Fi
1353,Action|Adventure|Sci-Fi
1354,Action|Adventure|Sci-Fi
1355,Action|Adventure|Sci-Fi
1356,Action|Adventure|Comedy|Crime
1357,Action|Comedy|Western
1358,Action|Comedy|Western
1359,Comedy|Musical|Romance
1360,Comedy|Musical|Romance
1361,Action|Drama
1362,Action|Sci-Fi
1363,Drama
1364,Action
1365,Western
1366,Action|Horror
1367,Action|Horror
1368,Action|Horror
1369,Comedy
1370,Action|Comedy|Sci-Fi|War
1371,Comedy|Drama
1372,Drama|Romance
1373,Comedy
1374,Comedy|Drama
1375,Crime|Drama|Sci-Fi
1376,Drama
1377,Romance|War
1378,Drama
1379,Drama
1380,Drama
1381,Crime|Drama
1382,Animation|Comedy
1383,Drama
1384,Horror|Thriller
1385,Action|Romance|War
1386,Comedy|Romance
1387,Comedy|Drama
1388,Drama
1389,Drama
1390,Drama
1391,Comedy
1392,Crime|Drama|Romance
1393,Drama|Musical
1394,Drama
1395,Drama
1396,Documentary
1397,Documentary
1398,Mystery|Thriller
1399,Drama
1400,Action
1401,Comedy
1402,Children's
1403,Thriller
1404,Drama
1405,Action
1406,Thriller
1407,Action|Comedy
1408,Action
1409,Comedy|Horror
1410,Action
1411,Comedy
1412,Drama
1413,Action|Thriller
1414,Comedy
1415,Comedy
1416,Comedy|Romance
1417,Drama
1418,Documentary
1419,Comedy
1420,Comedy|War
1421,Comedy
1422,Crime
1423,Documentary
1424,Comedy
1425,War
1426,Comedy|Romance
1427,Comedy
1428,Comedy|Romance
1429,Comedy
1430,Comedy|Romance
1431,Romance
1432,Mystery|Thriller
1433,Children's|Comedy|Mystery
1434,Comedy
1435,Documentary
1436,Comedy|Romance
1437,Mystery
1438,Drama
1439,Crime|Drama
1440,Comedy|Drama
1441,Comedy|Romance
1442,Documentary
1443,Drama
1444,Crime|Thriller
1445,Action|Comedy|Crime|Drama
1446,Children's|Comedy
1447,Romance
1448,Comedy|Drama
1449,Romance
1450,Action|Romance|Thriller
1451,Action|Drama|Thriller
1452,Comedy|Drama
1453,Drama|Thriller
1454,Mystery
1455,Comedy
1456,Drama
1457,Drama|Musical
1458,Action|Drama|Thriller|War
1459,Animation|Children's|Musical
1460,Comedy
1461,Romance
1462,Comedy
1463,Action|Adventure|Children's
1464,Drama|Romance
1465,Action
1466,Drama|Romance
1467,Action|Adventure|Thriller
1468,Comedy|Crime
1469,Crime
1470,Romance
1471,Comedy
1472,Drama
1473,Drama|War
1474,Drama
1475,Drama
1476,Drama
1477,Comedy
1478,Comedy
1479,Romance
1480,Drama|Thriller
1481,Comedy
1482,Comedy
1483,Action|Thriller
1484,Drama
1485,Romance
1486,Drama
1487,Action|Crime|Romance
1488,Drama
1489,Action|Adventure|Children's|Fantasy
1490,Comedy
1491,Action|Sci-Fi
1492,Comedy
1493,Drama
1494,Drama
1495,Comedy
1496,Drama
1497,Drama
1498,Drama|Romance
1499,Comedy
1500,Adventure|Children's
1501,Comedy|Crime
1502,Comedy|Romance
1503,Comedy|Drama|Romance
1504,Drama
1505,Action|Adventure|Sci-Fi|Thriller
1506,Drama
1507,Comedy
1508,Children's|Drama
1509,Drama
1510,Drama|Romance
1511,Comedy|Romance
1512,Adventure|Children's|Drama
1513,Action|Adventure|Thriller
1514,Comedy
1515,Drama|Romance
1516,Drama
1517,Action|Romance|Thriller
1518,Drama
1519,Comedy
1520,Drama
1521,Comedy
1522,Action|Adventure|Crime
1523,Drama
1524,Comedy|Romance
1525,Comedy|Thriller
1526,Adventure|Animation|Children's|Comedy|Musical
1527,Drama
1528,Crime|Drama|Mystery
1529,Comedy|Romance
1530,Sci-Fi
1531,Comedy|Romance
1532,Drama
1533,Action|Sci-Fi|Thriller
1534,Romance
1535,Drama
1536,Drama
1537,Crime
1538,Drama
1539,Action|Adventure|Comedy|Sci-Fi
1540,Comedy
1541,Adventure|Children's
1542,Children's|Fantasy
1543,Drama|Sci-Fi
1544,Comedy
1545,Action|Drama|War
1546,Action|Adventure
1547,Children's|Comedy
1548,Crime|Drama|Mystery
1549,Action|Mystery|Sci-Fi|Thriller
1550,Action|Adventure|Sci-Fi|Thriller
1551,Children's|Comedy
1552,Comedy|Romance
1553,Drama
1554,Adventure|Children's|Drama
1555,Drama
1556,Action|Mystery|Romance|Thriller
1557,Crime|Drama|Thriller
1558,Action
1559,Drama|Romance
1560,Crime|Drama|Film-Noir
1561,Comedy
1562,Sci-Fi|Thriller
1563,Action|Comedy
1564,Adventure|Romance
1565,Action|Adventure
1566,Action|Thriller
1567,Drama
1568,Action|Thriller
1569,Drama
1570,Comedy
1571,Drama
1572,Comedy
1573,Adventure|Thriller
1574,Action|Thriller|War
1575,Crime|Film-Noir|Mystery|Thriller
1576,Drama|War
1577,Crime|Drama|Thriller
1578,Drama
1579,Comedy|Drama
1580,Horror
1581,Drama
1582,Mystery|Thriller
1583,Action|Drama|Thriller
1584,Action|Crime|Mystery
1585,Drama
1586,Comedy|Romance
1587,Comedy|Drama
1588,Thriller
1589,Comedy|Romance
1590,Drama
1591,Drama
1592,Action|Thriller
1593,Drama|Romance
1594,Comedy
1595,Comedy
1596,Comedy|Drama
1597,Drama|Romance
1598,Horror|Mystery|Thriller
1599,Crime|Horror|Mystery|Thriller
1600,Comedy
1601,Crime|Thriller
1602,Comedy|Drama|Thriller
1603,Documentary
1604,Drama
1605,Drama
1606,Documentary
1607,Drama|Sci-Fi|Thriller
1608,Children's|Drama|Fantasy
1609,Horror
1610,Romance
1611,Documentary
1612,Romance|Thriller
1613,Drama
1614,Drama
1615,Thriller
1616,Crime
1617,Comedy
1618,Drama
1619,Comedy
1620,Romance
1621,Action|Drama
1622,Drama
1623,Romance
1624,Drama|War
1625,Crime
1626,Drama
1627,Drama
1628,Drama|Romance|Thriller
1629,Crime|Thriller
1630,Action|Adventure|Sci-Fi|War
1631,Comedy
1632,Drama
1633,Comedy
1634,Drama|Romance
1635,Action|Adventure
1636,Drama
1637,Drama|Romance|Thriller
1638,Romance
1639,Romance
1640,Crime|Thriller
1641,Action|Thriller
1642,Animation|Children's|Musical
1643,Comedy|Mystery
1644,Action|Horror|Sci-Fi
1645,Horror|Sci-Fi
1646,Drama
1647,Drama
1648,Drama
1649,Drama|War
1650,Crime
1651,Comedy
1652,Drama
1653,Comedy|Drama
1654,Children's|Comedy|Fantasy
1655,Comedy
1656,Drama
1657,Drama
1658,Drama
1659,Children's|Comedy
1660,Drama
1661,Thriller
1662,Drama
1663,Comedy|Crime|Drama|Mystery
1664,Children's|Comedy
1665,Romance
1666,Thriller
1667,Drama
1668,Horror|Thriller
1669,Thriller
1670,Drama
1671,Action|Adventure|Sci-Fi
1672,Drama|Romance
1673,Action|Romance|Thriller
1674,Comedy|Drama
1675,Drama
1676,Drama
1677,Drama
1678,Drama
1679,Drama
1680,Crime|Drama
1681,Drama
1682,Comedy
1683,Comedy|Crime|Mystery|Thriller
1684,Drama|Romance
1685,Comedy|Drama
1686,Drama|Romance
1687,Comedy
1688,Action|Children's
1689,Action|Drama
1690,Drama
1691,Crime
1692,Documentary
1693,Action|Adventure|Thriller
1694,Comedy
1695,Comedy|Drama
1696,Film-Noir|Sci-Fi|Thriller
1697,Romance
1698,Adventure|Children's|Fantasy|Sci-Fi
1699,Action|Thriller
1700,Comedy
1701,Action|Mystery|Thriller
1702,Romance
1703,Horror
1704,Drama
1705,Drama
1706,Drama
1707,Comedy|Musical
1708,Action|Horror|Sci-Fi
1709,Comedy|Thriller
1710,Crime|Drama
1711,Drama|Romance
1712,Drama
1713,Action|Thriller
1714,Romance|Thriller
1715,Horror
1716,Action|Comedy|Musical
1717,Action|Drama
1718,Comedy|Drama
1719,Drama
1720,Comedy|Romance
1721,Adventure|Sci-Fi|Thriller
1722,Documentary
1723,Drama
1724,Comedy|Romance
1725,Film-Noir|Mystery|Thriller
1726,Comedy|Drama
1727,Action|Crime
1728,Documentary
1729,Action|Drama
1730,Drama
1731,Crime|Drama
1732,Action|Thriller
1733,Comedy
1734,Comedy|Drama
1735,Drama
1736,Action|Drama
1737,Documentary
1738,Thriller
1739,Crime|Drama
1740,Action|Drama|Romance
1741,Crime|Drama
1742,Crime|Drama|Mystery|Thriller
1743,Adventure|Children's|Comedy
1744,Drama
1745,Comedy|Crime|Drama
1746,Drama
1747,Drama
1748,Children's|Comedy|Drama
1749,Drama
1750,Drama
1751,Comedy|Drama
1752,Comedy|Drama|Romance
1753,Drama
1754,Drama
1755,Comedy|Romance
1756,Children's|Comedy
1757,Comedy|Thriller
1758,Action|Drama
1759,Adventure|Children's
1760,Comedy|Documentary
1761,Drama|Romance
1762,Comedy
1763,Action|Sci-Fi|Thriller
1764,Action|Drama
1765,Action|Drama|Thriller
1766,Drama|Thriller
1767,Romance
1768,Drama
1769,Comedy
1770,Comedy
1771,Drama
1772,Drama|Thriller
1773,Crime|Drama
1774,Children's|Comedy
1775,Drama
1776,Comedy|Thriller
1777,Drama
1778,Drama|Thriller
1779,Adventure|Children's|Comedy|Fantasy
1780,Adventure
1781,Drama|Romance
1782,Drama|Romance
1783,Drama|Thriller
1784,Comedy
1785,Comedy|Romance
1786,Comedy
1787,Documentary|Musical
1788,Comedy
1789,Action|Comedy
1790,Drama
1791,Drama
1792,Comedy|Thriller
1793,Horror|Sci-Fi
1794,Comedy
1795,Comedy
1796,Documentary
1797,Action|Comedy
1798,Action|Adventure
1799,Drama|War
1800,Action|Thriller
1801,Comedy|Drama
1802,Comedy|Drama
1803,Drama
1804,Drama
1805,Comedy|Romance
1806,Comedy
1807,Action|Drama|Sci-Fi|Thriller
1808,Drama
1809,Comedy|Romance
1810,Drama
1811,Drama
1812,Adventure|Animation|Children's|Fantasy
1813,Action|Sci-Fi
1814,Comedy
1815,Comedy|Drama
1816,Comedy|Drama
1817,Comedy
1818,Adventure|Comedy
1819,Comedy|Drama|Romance
1820,Thriller
1821,Drama
1822,Horror|Thriller
1823,Mystery|Thriller
1824,Drama
1825,Adventure|Comedy|Romance
1826,Comedy|Drama|Romance
1827,Comedy
1828,Drama|Romance
1829,Drama|War
1830,Adventure|Drama
1831,Drama
1832,Documentary
1833,Drama|Romance
1834,Comedy
1835,Comedy|Drama
1836,Drama
1837,Comedy|Romance
1838,Animation|Children's
1839,Drama|Thriller
1840,Mystery|Sci-Fi|Thriller
1841,Action|Comedy|Crime
1842,Comedy
1843,Action|Crime|Romance
1844,Drama|Mystery
1845,Comedy|Drama
1846,Drama
1847,Action|Comedy|Drama
1848,Action|Adventure|Sci-Fi|Thriller
1849,Action|Comedy|Crime|Drama
1850,Children's|Comedy
1851,Animation|Children's|Fantasy|War
1852,Sci-Fi|Thriller
1853,Drama
1854,Comedy
1855,Horror|Sci-Fi
1856,Drama|Romance|War
1857,Musical
1858,War
1859,Western
1860,Drama
1861,Drama
1862,Adventure
1863,Musical
1864,Drama
1865,Comedy
1866,Drama
1867,Drama|War
1868,Comedy
1869,Drama
1870,Drama|War
1871,Drama
1872,Drama
1873,Drama
1874,Drama
1875,Drama|Romance|War
1876,Crime|Drama
1877,Drama|Romance
1878,Musical|Romance
1879,Comedy
1880,Drama
1881,Drama|Mystery
1882,Musical
1883,Drama
1884,Action|Crime|Drama|Thriller
1885,Action|Drama
1886,Drama
1887,Drama
1888,Drama
1889,Comedy|Drama
1890,Drama|Romance
1891,Drama|War
1892,Drama
1893,Drama
1894,Comedy
1895,Drama|Mystery
1896,Comedy|Sci-Fi
1897,Comedy
1898,Adventure|Children's|Fantasy
1899,Comedy|Drama
1900,Horror
1901,Horror
1902,Horror
1903,Horror
1904,Horror
1905,Horror
1906,Horror
1907,Horror
1908,Horror
1909,Horror
1910,Horror
1911,Horror
1912,Horror
1913,Horror
1914,Horror
1915,Horror
1916,Horror
1917,Horror
1918,Horror
1919,Horror
1920,Horror
1921,Horror
1922,Horror
1923,Horror
1924,Horror
1925,Horror|Thriller
1926,Horror|Thriller
1927,Horror|Thriller
1928,Horror
1929,Horror
1930,Horror
1931,Action|Comedy|Crime|Drama
1932,Action|Comedy|Crime|Drama
1933,Action|Comedy|Crime|Drama
1934,Comedy|Horror
1935,Comedy|Horror
1936,Adventure|Children's|Fantasy
1937,Action|Adventure|Romance
1938,Comedy
1939,Crime|Drama|Film-Noir
1940,Sci-Fi|Thriller
1941,Sci-Fi
1942,Comedy|Sci-Fi
1943,Comedy|Sci-Fi|Western
1944,Action|Adventure
1945,Children's|Comedy
1946,Children's|Comedy|Fantasy
1947,Children's|Comedy|Western
1948,Children's|Fantasy|Musical
1949,Animation|Children's
1950,Action|Drama
1951,Drama|Romance
1952,Fantasy|Sci-Fi
1953,Drama
1954,Action|Crime|Drama
1955,Drama|Mystery
1956,Drama|Romance
1957,Horror|Thriller
1958,Comedy|Crime
1959,Action|Drama|War
1960,Comedy|Romance
1961,Drama
1962,Children's|Comedy
1963,Children's|Comedy
1964,Animation|Children's
1965,Sci-Fi
1966,Children's|Comedy
1967,Children's|Comedy
1968,Adventure|Children's|Comedy
1969,Children's|Comedy|Sci-Fi
1970,Adventure|Children's
1971,Children's|Comedy
1972,Action|Adventure|Children's|Comedy
1973,Children's|Comedy
1974,Adventure|Children's|Fantasy
1975,Comedy
1976,Adventure|Children's|Drama|Romance
1977,Adventure|Children's|Sci-Fi
1978,Children's
1979,Animation|Children's
1980,Comedy|Musical
1981,Adventure|Children's|Comedy
1982,Adventure|Children's|Comedy
1983,Children's|Comedy
1984,Children's|Comedy|Sci-Fi
1985,Adventure|Children's|Comedy|Fantasy|Sci-Fi
1986,Comedy|Western
1987,Adventure|Children's
1988,Adventure|Children's
1989,Action|Thriller
1990,Children's|Drama
1991,Comedy
1992,Documentary
1993,Drama|Romance
1994,Drama|Romance
1995,Comedy|Documentary
1996,Comedy|Drama|Romance
1997,Film-Noir
1998,Drama|Romance|War
1999,Drama
2000,Drama
2001,Drama
2002,Drama
2003,Comedy
2004,Comedy
2005,Drama
2006,Drama|War
2007,Drama|Mystery
2008,Adventure|Children's
2009,Animation|Children's|Comedy|Musical
2010,Children's|Drama
2011,Animation|Children's|Comedy|Musical|Romance
2012,Animation|Children's|Comedy|Musical|Romance
2013,Children's|Comedy
2014,Children's|Musical
2015,Children's|Musical
2016,Animation|Children's
2017,Drama|Fantasy
2018,Animation|Children's|Fantasy|Musical
2019,Adventure|Comedy|Musical
2020,Animation|Children's
2021,Animation|Children's
2022,Children's|Sci-Fi
2023,Animation|Children's|Musical
2024,Adventure|Children's|Fantasy|Sci-Fi
2025,Action|Adventure|Sci-Fi
2026,Children's|Comedy
2027,Animation|Children's|Musical
2028,Children's|Horror
2029,Children's|Comedy
2030,Adventure|Animation|Children's|Musical
2031,Comedy|Fantasy|Romance
2032,Adventure|Drama
2033,Animation|Children's|Comedy|Musical
2034,Adventure|Children's
2035,Drama
2036,Action|Adventure|Fantasy|Sci-Fi
2037,Drama|War
2038,Horror|Thriller
2039,Comedy|Romance
2040,Comedy
2041,Comedy|Crime|Thriller
2042,Comedy
2043,Crime|Drama
2044,Horror|Thriller
2045,Drama
2046,Action|Adventure
2047,Adventure|Animation|Children's|Sci-Fi
2048,Drama|Sci-Fi
2049,Horror|Thriller
2050,Horror
2051,Drama|Horror
2052,Horror|Thriller
2053,Horror|Thriller
2054,Animation|Children's
2055,Comedy
2056,Drama|Romance
2057,Action|Crime|Mystery|Thriller
2058,Drama|Romance
2059,Comedy
2060,Documentary
2061,Crime|Drama|Romance
2062,Drama
2063,Drama
2064,Adventure|Comedy
2065,Comedy
2066,Adventure|Musical
2067,Comedy
2068,Animation|Children's
2069,Animation|Children's|Drama|Fantasy
2070,Animation|Children's
2071,Children's|Fantasy|Sci-Fi
2072,Animation|Children's|Comedy
2073,Animation|Children's|Comedy
2074,Adventure|Fantasy|Romance
2075,Comedy
2076,Comedy|Drama|Romance
2077,Drama|Romance
2078,Drama
2079,Comedy|Horror
2080,Comedy|Horror
2081,Comedy
2082,Comedy
2083,Children's|Comedy
2084,Action|Adventure
2085,Drama|Romance
2086,Comedy
2087,Comedy|Drama
2088,Romance
2089,Crime|Horror
2090,Crime|Horror
2091,Horror|Thriller
2092,Adventure|Children's|Fantasy
2093,Adventure|Children's|Fantasy
2094,Comedy|Horror
2095,Drama
2096,Drama
2097,Drama|Romance
2098,Action|Adventure|Horror
2099,Drama|Romance
2100,Comedy
2101,Action|Comedy
2102,Comedy|Drama|Romance
2103,Comedy
2104,Adventure|Fantasy|Sci-Fi
2105,Comedy|Fantasy
2106,Drama|Romance
2107,Thriller
2108,Comedy|Thriller
2109,Thriller
2110,Thriller
2111,Thriller
2112,Thriller
2113,Drama|Film-Noir|Thriller
2114,Thriller
2115,Mystery|Thriller
2116,Thriller
2117,Film-Noir|Thriller
2118,Mystery|Thriller
2119,Drama
2120,Animation
2121,Drama
2122,Comedy
2123,Drama
2124,Action|Adventure|Fantasy
2125,Action|Crime|Drama
2126,Comedy
2127,Action
2128,Drama
2129,Documentary
2130,Crime|Drama
2131,Drama
2132,Drama
2133,Drama|Thriller|War
2134,Film-Noir|Thriller
2135,Thriller
2136,Comedy
2137,Mystery|Thriller
2138,Drama
2139,Comedy|Mystery|Romance|Thriller
2140,Crime|Thriller
2141,Thriller
2142,Thriller
2143,Thriller
2144,Comedy|Musical
2145,Thriller
2146,Comedy|Romance
2147,Drama
2148,Comedy|Musical
2149,Drama
2150,Mystery|Thriller
2151,Drama
2152,Thriller
2153,Comedy
2154,Comedy
2155,Drama
2156,Drama
2157,Drama
2158,Thriller
2159,Drama
2160,Drama
2161,Comedy
2162,Crime|Drama
2163,Sci-Fi|Thriller
2164,Drama
2165,Drama
2166,Drama|War
2167,Drama
2168,Drama
2169,Comedy|Drama
2170,Comedy|Drama
2171,Drama
2172,Comedy
2173,Drama
2174,Comedy|Drama|Romance
2175,Comedy|Romance
2176,Comedy|Drama
2177,Comedy
2178,Comedy
2179,Comedy|Drama|Romance
2180,Comedy
2181,Drama
2182,Comedy
2183,Comedy|Drama
2184,Action|Comedy|Fantasy
2185,Drama
2186,Comedy
2187,Horror|Sci-Fi
2188,Comedy|Romance
2189,Action
2190,Comedy|Romance
2191,Action|Crime
2192,Comedy
2193,Comedy|Drama|Romance
2194,Thriller
2195,Drama
2196,Adventure|Comedy
2197,Comedy|Romance
2198,Mystery|Thriller
2199,Crime|Drama
2200,Drama
2201,Documentary
2202,Drama
2203,Drama
2204,Action|Thriller
2205,Drama
2206,Action|Adventure|Sci-Fi
2207,Drama
2208,Drama
2209,Action|Crime|Thriller
2210,Horror|Thriller
2211,Crime
2212,Crime
2213,Comedy|Drama
2214,Drama
2215,Drama
2216,Drama
2217,Comedy
2218,Sci-Fi|Thriller|War
2219,Action|Horror|Sci-Fi|Thriller
2220,Comedy|Drama
2221,Comedy|Drama
2222,Drama|Romance
2223,Romance
2224,Drama
2225,Animation|Children's
2226,Comedy
2227,Comedy
2228,Drama|Romance
2229,Thriller
2230,Comedy
2231,Comedy|Musical
2232,Comedy
2233,Comedy
2234,Drama|Musical
2235,Drama
2236,Drama
2237,Comedy
2238,Action|Drama
2239,Action|Crime
2240,Drama
2241,Drama
2242,Mystery|Sci-Fi
2243,Drama
2244,Drama
2245,Drama
2246,Horror|Thriller
2247,Drama|Romance
2248,Comedy
2249,Comedy
2250,Comedy
2251,Drama|Thriller
2252,Comedy
2253,Action|Adventure|Sci-Fi|Thriller|War
2254,Documentary
2255,Comedy|Drama
2256,Comedy
2257,Drama|Thriller
2258,Horror
2259,Horror
2260,Drama
2261,Documentary
2262,Comedy|Romance
2263,Crime|Drama
2264,Drama
2265,Action|Thriller
2266,Comedy
2267,Drama
2268,Drama
2269,Horror|Mystery|Thriller
2270,Comedy|Romance
2271,Romance
2272,Drama
2273,Comedy
2274,Drama
2275,Action|Adventure|Drama|Thriller
2276,Drama
2277,Sci-Fi|Thriller
2278,Action
2279,Drama
2280,Comedy|Thriller
2281,Comedy
2282,Drama
2283,Comedy|Drama
2284,Action|Thriller
2285,Animation|Children's|Comedy
2286,Animation|Children's|Comedy
2287,Comedy
2288,Drama
2289,Drama
2290,Comedy
2291,Drama
2292,Comedy
2293,Drama
2294,Action|Sci-Fi
2295,Action|Sci-Fi
2296,Action|Sci-Fi
2297,Action|Adventure|Horror
2298,Action|Adventure|Horror
2299,Action|Adventure|Horror
2300,Comedy|Romance
2301,Action|Adventure|Drama
2302,Comedy
2303,Comedy
2304,Action|Adventure
2305,Comedy|Drama
2306,Comedy
2307,Action
2308,Horror|Sci-Fi
2309,Comedy
2310,Comedy
2311,Comedy
2312,Comedy
2313,Comedy
2314,Comedy
2315,Children's|Comedy
2316,Comedy|Romance
2317,Drama
2318,Comedy|Crime
2319,Drama|Romance
2320,Crime|Horror|Thriller
2321,Comedy
2322,Crime|Thriller
2323,Comedy|Drama
2324,Action|Sci-Fi
2325,Animation|Musical
2326,Comedy
2327,Comedy|Romance
2328,Drama
2329,Drama
2330,Adventure|Children's|Fantasy
2331,Children's|Drama
2332,Western
2333,Action|War
2334,Action
2335,Action|War
2336,Action|Adventure|Comedy|Romance
2337,Action|Adventure|Comedy|Romance
2338,Comedy|Sci-Fi
2339,Comedy|Sci-Fi
2340,Action|Drama
2341,Action|Drama
2342,Action|Drama
2343,Action|Drama
2344,Comedy|Mystery
2345,Action|Adventure|Mystery
2346,Drama|Romance
2347,Comedy
2348,Comedy|Drama
2349,Comedy
2350,Drama|Thriller
2351,Drama
2352,Action|Adventure|Drama
2353,Action|Adventure|Drama
2354,Comedy
2355,Comedy|Romance
2356,Crime
2357,Comedy|Drama|Romance
2358,Action|Drama|War
2359,Horror|Sci-Fi
2360,Adventure|Children's|Drama
2361,Adventure|Children's|Drama
2362,Comedy|Drama
2363,Drama
2364,Drama
2365,Drama
2366,Drama
2367,Comedy
2368,Drama
2369,Drama|Thriller
2370,Drama
2371,Drama
2372,Drama|Western
2373,Drama
2374,Drama|Romance
2375,Comedy|Drama
2376,Drama
2377,Thriller
2378,Comedy|Drama
2379,Horror|Sci-Fi
2380,Adventure|Children's
2381,Adventure|Children's|Sci-Fi
2382,Horror
2383,Horror
2384,Drama|Fantasy
2385,Horror|Sci-Fi
2386,Horror|Sci-Fi
2387,Horror|Sci-Fi
2388,Action|Comedy
2389,Comedy|Crime
2390,Horror
2391,Horror
2392,Horror
2393,Horror
2394,Comedy
2395,Horror
2396,Horror
2397,Drama
2398,Mystery
2399,Action|Comedy|Romance|Thriller
2400,Comedy|Romance
2401,Adventure|Comedy
2402,Adventure|Comedy
2403,Comedy
2404,Comedy
2405,Drama
2406,Action|Mystery|Thriller
2407,Action|War
2408,Adventure
2409,Comedy|Western
2410,Drama|Thriller
2411,Drama
2412,Drama|Romance
2413,Comedy|Romance
2414,Comedy|Horror|Thriller
2415,Comedy
2416,Comedy|Romance
2417,Drama
2418,Action|Comedy
2419,Drama|Horror|Thriller
2420,Drama
2421,Action|Thriller
2422,Comedy|Romance
2423,Comedy
2424,Drama
2425,Documentary
2426,Animation|Sci-Fi
2427,Comedy|Romance
2428,Romance
2429,Comedy|Sci-Fi
2430,Comedy
2431,Comedy
2432,Drama
2433,Comedy|Romance
2434,Drama
2435,Comedy|Drama
2436,Thriller
2437,Comedy|Drama|Romance
2438,Comedy
2439,Drama
2440,Comedy
2441,Comedy|Romance
2442,Crime
2443,Drama
2444,Horror
2445,Horror
2446,Horror
2447,Horror
2448,Horror
2449,Comedy
2450,Horror
2451,Drama
2452,Drama
2453,Drama
2454,Drama|Thriller
2455,Action|Drama
2456,Action|Horror|Sci-Fi
2457,Sci-Fi
2458,Action|Sci-Fi|Thriller|Western
2459,Action|Adventure|Sci-Fi
2460,Action|Sci-Fi
2461,Action|Sci-Fi
2462,Action|Sci-Fi
2463,Action|Sci-Fi
2464,Action|Sci-Fi
2465,Action
2466,Action
2467,Drama
2468,Adventure
2469,Documentary
2470,Comedy
2471,Action|Crime|Drama|Thriller
2472,Drama
2473,Comedy|Crime|Thriller
2474,Comedy
2475,Drama
2476,Comedy
2477,Drama
2478,Drama
2479,Horror
2480,Action|Sci-Fi
2481,Horror|Thriller
2482,Drama|Thriller
2483,Comedy
2484,Horror|Sci-Fi|Thriller
2485,Horror|Sci-Fi|Thriller
2486,Comedy
2487,Comedy|Drama|Romance
2488,Drama
2489,Comedy|Romance
2490,Animation|Children's
2491,Drama|Horror
2492,Crime|Thriller
2493,Drama
2494,Drama
2495,Drama
2496,Musical
2497,Animation|Children's
2498,Comedy
2499,Action|Crime
2500,Drama|Romance
2501,Drama|Romance
2502,Action|Sci-Fi|Thriller
2503,Comedy|Romance
2504,Drama
2505,Comedy
2506,Drama
2507,Drama
2508,Comedy|Drama
2509,Sci-Fi
2510,Drama
2511,Crime
2512,Comedy|Romance
2513,Action|Comedy
2514,Mystery
2515,Comedy
2516,Drama|Romance
2517,Comedy|Crime|Thriller
2518,Comedy
2519,Drama
2520,Comedy|Drama|Romance
2521,Drama
2522,Comedy|Romance
2523,Drama
2524,Comedy
2525,Drama|Romance|Sci-Fi
2526,Documentary
2527,Comedy|Drama
2528,Comedy|Romance
2529,Comedy
2530,Comedy
2531,Action|Sci-Fi|Thriller
2532,Comedy
2533,Adventure|Sci-Fi
2534,Drama
2535,Documentary
2536,Crime|Thriller
2537,Comedy|Horror
2538,Drama
2539,Thriller
2540,Drama
2541,Drama
2542,Drama
2543,Drama
2544,Action|Horror|Sci-Fi
2545,Action|Horror|Sci-Fi
2546,Adventure|Sci-Fi
2547,Action|Crime
2548,Action|Adventure|Horror|Thriller
2549,Comedy
2550,Drama
2551,Drama|Romance
2552,Drama|Romance
2553,Comedy|Fantasy
2554,Comedy
2555,Drama
2556,Action
2557,Comedy|Drama|Romance
2558,Documentary|Drama
2559,Action|Adventure|Fantasy|Sci-Fi
2560,Comedy|Romance
2561,Drama
2562,Comedy|Film-Noir|Thriller
2563,Drama
2564,Horror|Romance
2565,Horror
2566,Horror
2567,Horror
2568,Horror
2569,Horror
2570,Drama
2571,Action|Adventure|Sci-Fi
2572,Action|Adventure|Sci-Fi
2573,Action|Adventure|Sci-Fi
2574,Action|Adventure|Sci-Fi
2575,Horror
2576,Horror
2577,Horror
2578,Horror
2579,Horror
2580,Horror
2581,Horror
2582,Horror
2583,Horror
2584,Horror
2585,Horror
2586,Horror
2587,Horror|Sci-Fi
2588,Comedy|Horror|Musical|Sci-Fi
2589,Sci-Fi
2590,Comedy|Documentary
2591,Sci-Fi
2592,Sci-Fi
2593,Action|Sci-Fi|War
2594,Sci-Fi
2595,Horror|Sci-Fi
2596,Sci-Fi
2597,Sci-Fi
2598,Sci-Fi
2599,Horror|Sci-Fi
2600,War
2601,War
2602,Comedy|Romance
2603,Drama|Sci-Fi|Thriller
2604,Drama
2605,Drama
2606,Comedy|Drama|Romance
2607,Drama|Thriller
2608,Documentary
2609,Drama
2610,Drama|Romance
2611,Drama
2612,Comedy|Romance|Sci-Fi
2613,Drama
2614,Comedy
2615,Comedy|Drama
2616,Comedy|Drama
2617,Drama|Mystery
2618,Animation|Children's
2619,Drama|Thriller
2620,Documentary
2621,Comedy
2622,Drama
2623,Action|Crime|Romance
2624,Documentary
2625,Comedy
2626,Drama
2627,Comedy
2628,Comedy|Drama|Romance
2629,Sci-Fi
2630,Action|Comedy|Sci-Fi|Thriller
2631,Animation|Comedy
2632,Action|Sci-Fi|Western
2633,Drama
2634,Drama
2635,Drama|Romance
2636,Drama
2637,Comedy
2638,Thriller
2639,Romance
2640,Children's|Comedy
2641,Horror
2642,Drama
2643,Drama
2644,Horror|Thriller
2645,Drama
2646,Comedy|Romance
2647,Comedy|Horror
2648,Comedy|Horror
2649,Comedy
2650,Horror|Thriller
2651,Action|Adventure|Children's|Comedy
2652,Romance
2653,Action|Sci-Fi|Thriller
2654,Action|Adventure|Comedy
2655,Comedy|Romance
2656,Drama
2657,Crime|Film-Noir
2658,Film-Noir
2659,Drama
2660,Drama
2661,Drama
2662,Drama
2663,Drama
2664,Adventure|Comedy
2665,Drama
2666,Action|Adventure|Comedy
2667,Comedy
2668,Action
2669,Comedy|Drama
2670,Drama
2671,Horror
2672,Action|Thriller
2673,Comedy|Drama
2674,Drama
2675,Drama
2676,Drama
2677,Comedy|Horror|Musical
2678,Comedy|Horror
2679,Action|Adventure
2680,Drama|Mystery
2681,Comedy|Drama
2682,Comedy
2683,Comedy|Mystery
2684,Thriller
2685,Horror
2686,Drama
2687,Action
2688,Drama
2689,Drama
2690,Comedy
2691,Drama
2692,Animation|Children's
2693,Thriller
2694,Action|Thriller
2695,Crime|Drama|Thriller
2696,Comedy|Drama
2697,Comedy|Drama
2698,Comedy
2699,Comedy
2700,Crime|Mystery
2701,Comedy
2702,Drama
2703,Comedy
2704,Drama
2705,Comedy|Romance
2706,Drama
2707,Documentary
2708,Drama
2709,Thriller
2710,Comedy
2711,Comedy|Horror
2712,Horror
2713,Horror
2714,Horror
2715,Horror
2716,Horror
2717,Comedy
2718,Horror
2719,Comedy
2720,Horror
2721,Horror
2722,Comedy
2723,Comedy
2724,Comedy|Horror
2725,Comedy
2726,Comedy
2727,Comedy
2728,Comedy|Fantasy
2729,Comedy
2730,Comedy
2731,Animation|Children's
2732,Drama|Romance
2733,Action|Romance|Thriller
2734,Thriller
2735,Comedy|Drama
2736,Comedy|Romance
2737,Comedy|Thriller
2738,Action|Sci-Fi
2739,Action|Sci-Fi
2740,Comedy
2741,Animation|Mystery
2742,Comedy
2743,Action|Thriller
2744,Documentary
2745,Horror
2746,Action|War
2747,Action|War
2748,Action|War
2749,Action|War
2750,Thriller
2751,Drama
2752,Adventure|Drama
2753,Adventure|Romance
2754,Action|Drama
2755,Documentary
2756,Drama
2757,Action|Horror|Thriller
2758,Sci-Fi|Thriller
2759,Children's|Comedy
2760,Comedy|Drama
2761,Drama
2762,Drama
2763,Drama
2764,Romance|War
2765,Comedy|Romance
2766,Action|Thriller
2767,Comedy
2768,Comedy|Romance
2769,Comedy
2770,Drama
2771,Thriller
2772,Thriller
2773,Crime|Drama
2774,Comedy|Romance
2775,Drama|Mystery
2776,Drama
2777,Children's
2778,Drama
2779,Drama
2780,Comedy|Drama
2781,Drama|Thriller
2782,Adventure|Sci-Fi|Thriller
2783,Drama
2784,Horror
2785,Horror
2786,Horror
2787,Thriller
2788,Animation|Musical
2789,Comedy|Drama
2790,Documentary
2791,Comedy
2792,Comedy|Drama
2793,Drama
2794,Comedy|Musical
2795,Comedy
2796,Comedy
2797,Drama
2798,Comedy|Horror
2799,Horror
2800,Drama
2801,Comedy
2802,Adventure|Thriller
2803,Action|Drama|Fantasy|Romance
2804,Drama|Mystery|Romance
2805,Comedy
2806,Drama|Mystery|Romance
2807,Animation|Children's
2808,Drama|Musical
2809,Horror
2810,Action|Adventure|Comedy
2811,Action|Adventure|Comedy
2812,Action|Thriller
2813,Drama
2814,Comedy
2815,Comedy|Romance
2816,Drama|Romance
2817,Children's|Comedy
2818,Drama
2819,Comedy|Romance
2820,Comedy
2821,Drama|War
2822,Comedy
2823,Action|Drama
2824,Action|Drama
2825,Drama|Romance
2826,Adventure
2827,Western
2828,Comedy|War
2829,Horror|Mystery
2830,Adventure|Animation|Children's
2831,Horror|Sci-Fi
2832,Horror|Sci-Fi
2833,Horror|Thriller
2834,Horror|Thriller
2835,Drama
2836,Action|Adventure
2837,Drama|Romance
2838,Comedy
2839,Drama
2840,Documentary
2841,Drama|Romance
2842,Drama
2843,Action|Crime|Drama
2844,Comedy
2845,Comedy|Drama
2846,Comedy
2847,Action|Adventure|Sci-Fi|Thriller
2848,Crime|Thriller
2849,Comedy
2850,Drama|Romance
2851,Drama|Romance
2852,Western
2853,Western
2854,Comedy
2855,Action|Comedy
2856,Drama
2857,Comedy|Drama
2858,Drama|Romance
2859,Drama
2860,Drama
2861,Documentary
2862,Drama
2863,Drama
2864,Drama
2865,Musical
2866,Comedy|Romance
2867,Comedy
2868,Comedy
2869,Drama
2870,Drama|Thriller
2871,Film-Noir
2872,Musical|Romance|War
2873,Drama|Romance
2874,Drama|Romance
2875,Action|War
2876,Mystery
2877,Comedy|Musical
2878,Action
2879,Action
2880,Action
2881,Adventure|Drama|Romance
2882,Action|Western
2883,Crime|Thriller
2884,Children's|Comedy
2885,Drama
2886,Drama
2887,Action|Crime|Thriller
2888,Drama
2889,Drama
2890,Drama
2891,Drama
2892,Comedy|Drama
2893,Comedy|Romance
2894,Crime|Drama
2895,Drama
2896,Action
2897,Drama
2898,Drama|Thriller
2899,Adventure|Fantasy|Sci-Fi
2900,Drama|Romance
2901,Adventure|Drama
2902,Musical
2903,Drama|War
2904,Comedy
2905,Horror|Thriller
2906,Drama
2907,Drama|Horror
2908,Comedy|Drama
2909,Comedy|Romance
2910,Drama
2911,Drama
2912,Documentary
2913,Horror|Thriller
2914,Thriller
2915,Documentary
2916,Action|Crime|Sci-Fi
2917,Action|Crime|Sci-Fi
2918,Adventure|Animation|Film-Noir
2919,Drama
2920,Action
2921,Action
2922,Action
2923,Horror|Thriller
2924,Action
2925,Drama
2926,Horror
2927,Drama
2928,Comedy
2929,Romance
2930,Comedy
2931,Action|Adventure|Animation
2932,Drama
2933,Documentary
2934,Comedy|Drama
2935,Comedy|Romance
2936,Thriller
2937,Drama
2938,Documentary
2939,Thriller
2940,Drama
2941,Drama
2942,Drama
2943,Comedy
2944,Comedy|Horror
2945,Comedy
2946,Thriller
2947,Horror
2948,Horror
2949,Horror
2950,Crime|Drama
2951,Action|Drama
2952,Horror
2953,Comedy
2954,Comedy|Romance
2955,Horror|Sci-Fi
2956,Western
2957,Horror
2958,Horror
2959,Comedy
2960,Action|Drama
2961,Comedy|Drama|Western
2962,Comedy
2963,Sci-Fi
2964,Comedy|Sci-Fi
2965,Animation|Children's
2966,Comedy|Drama|War
2967,Adventure
2968,Comedy|Drama|Western
2969,Drama
2970,Comedy
2971,Comedy
2972,Comedy
2973,Comedy
2974,Comedy
2975,Mystery|Romance|Thriller
2976,Comedy|Drama
2977,Comedy|Romance
2978,Drama
2979,Comedy
2980,Comedy|War
2981,Drama
2982,Drama
2983,Comedy
2984,Drama|War
2985,Animation|Children's
2986,Thriller
2987,Thriller
2988,Comedy
2989,Horror|Sci-Fi
2990,Drama
2991,Comedy|Drama
2992,Comedy|Musical
2993,Action|Drama|War
2994,Thriller
2995,Thriller
2996,Drama
2997,War
2998,Comedy|Drama
2999,Drama
3000,Drama
3001,Adventure|Comedy|Sci-Fi
3002,Drama
3003,Comedy
3004,Drama|Romance
3005,Western
3006,Thriller
3007,Comedy
3008,Documentary
3009,Drama
3010,Drama
3011,Drama|Sci-Fi
3012,Horror|Romance
3013,Action|Thriller
3014,Comedy|Drama
3015,Documentary
3016,Horror
3017,Comedy
3018,Comedy
3019,Comedy
3020,Drama
3021,Drama
3022,Drama|War
3023,Drama
3024,Drama|Western
3025,Drama|Romance
3026,Drama
3027,Comedy
3028,Comedy|Romance
3029,Drama
3030,Comedy|Romance
3031,Drama
3032,Thriller
3033,Thriller
3034,Drama|Romance
3035,Action|Adventure|Comedy|Crime
3036,Drama
3037,Drama|Romance
3038,Action|Drama
3039,Comedy|Drama|Romance
3040,Drama
3041,Drama
3042,Drama
3043,Drama
3044,Action|Thriller
3045,Animation|Children's|Comedy
3046,Drama
3047,Drama
3048,Drama|Romance|War
3049,Drama
3050,Horror
3051,Comedy
3052,Film-Noir
3053,Drama|Romance|Western
3054,Comedy
3055,Comedy|Drama
3056,Drama
3057,Drama
3058,Drama
3059,Drama
3060,Comedy|Drama
3061,Comedy
3062,Comedy
3063,Comedy
3064,Comedy
3065,Drama|War
3066,Drama
3067,Documentary
3068,Action|War
3069,Drama
3070,Action|Adventure
3071,Comedy
3072,Drama
3073,Documentary|Musical
3074,Drama|War
3075,Comedy|Romance
3076,Drama
3077,Comedy
3078,Drama|Thriller
3079,Drama
3080,Mystery
3081,Drama
3082,Crime|Drama|Mystery
3083,Drama
3084,Action|Adventure|Fantasy
3085,Drama|War
3086,Drama|Romance
3087,Comedy|Drama|Sci-Fi
3088,Children's|Comedy
3089,Drama
3090,Animation|Children's|Musical
3091,Drama
3092,Drama
3093,Comedy|Drama
3094,Drama
3095,Drama
3096,Action|Drama
3097,Adventure
3098,Drama
3099,Adventure|Drama
3100,Drama
3101,Western
3102,Drama
3103,Adventure
3104,Drama
3105,Comedy|Drama
3106,Adventure|Comedy|Sci-Fi
3107,Drama|Mystery|Thriller
3108,Comedy
3109,Drama
3110,Drama
3111,Comedy|Drama
3112,Drama
3113,Documentary
3114,Drama
3115,Action|Comedy|Crime|Drama
3116,Drama
3117,Drama
3118,Drama
3119,Documentary
3120,Comedy
3121,Adventure|Sci-Fi
3122,Drama
3123,Drama
3124,Documentary
3125,Drama
3126,Drama
3127,Drama|War
3128,Action
3129,Drama
3130,Comedy|Musical|Romance
3131,Comedy|Drama
3132,Drama
3133,Drama
3134,Thriller
3135,Thriller
3136,Horror
3137,Romance
3138,Adventure
3139,Action|Comedy
3140,Drama
3141,Comedy
3142,Drama
3143,Drama
3144,Animation|Children's
3145,Drama
3146,Drama
3147,Horror
3148,Drama
3149,Drama
3150,Thriller
3151,Drama
3152,Drama
3153,Drama
3154,Drama
3155,Drama
3156,Comedy|Romance
3157,Documentary
3158,Comedy|Drama|Thriller
3159,Comedy
3160,Crime|Drama
3161,Thriller
3162,Comedy
3163,Comedy
3164,Comedy
3165,Comedy
3166,Comedy
3167,Western
3168,Documentary
3169,Thriller
3170,Comedy
3171,Comedy
3172,Comedy
3173,Comedy
3174,Comedy
3175,Comedy|Romance
3176,Drama
3177,Drama
3178,Comedy|Crime
3179,Comedy
3180,Thriller
3181,Drama
3182,Drama|Mystery
3183,Drama
3184,Comedy
3185,Comedy
3186,Comedy|Drama
3187,Action|Thriller
3188,Action|Drama|Romance|Thriller
3189,Comedy
3190,Drama|Romance
3191,Drama
3192,Comedy|Drama|Romance
3193,Drama|Mystery
3194,Comedy
3195,Comedy|Horror
3196,Action|Crime
3197,Action|Comedy|Crime|Drama
3198,Action|Thriller
3199,Action|Comedy
3200,Adventure|Romance|Sci-Fi
3201,Drama
3202,Drama
3203,Crime|Drama
3204,Horror|Mystery|Thriller
3205,Action
3206,Action|Comedy
3207,Comedy
3208,Drama
3209,Documentary
3210,Action|Adventure
3211,Horror
3212,Documentary
3213,Comedy
3214,Action
3215,Comedy|Romance
3216,Adventure|Drama
3217,Comedy
3218,Animation|Children's
3219,Drama
3220,Drama
3221,Comedy
3222,Thriller
3223,Film-Noir
3224,Drama|Sci-Fi
3225,Horror
3226,Drama
3227,Drama
3228,Documentary
3229,Drama
3230,Comedy|Drama
3231,Action|Sci-Fi
3232,Comedy|Crime
3233,Comedy
3234,Documentary
3235,Crime|Drama
3236,Film-Noir|Horror
3237,Comedy
3238,Comedy|Drama|Romance
3239,Comedy|Drama
3240,Comedy
3241,Action
3242,Western
3243,Drama
3244,Comedy
3245,Action|Drama
3246,Musical
3247,Action|Thriller
3248,Comedy|Drama
3249,Thriller
3250,Drama
3251,Comedy|Romance
3252,Comedy
3253,Comedy
3254,Comedy|Crime
3255,Comedy
3256,Comedy|Drama
3257,Comedy|Sci-Fi
3258,Documentary
3259,Crime|Drama
3260,Drama
3261,Drama
3262,Drama
3263,Adventure|Children's
3264,Drama
3265,Crime|Drama|Film-Noir|Thriller
3266,Crime|Drama
3267,Drama
3268,Comedy|Drama
3269,Documentary
3270,War
3271,Horror|Sci-Fi
3272,Comedy
3273,Drama|War
3274,Comedy|Drama|Romance
3275,Horror
3276,Adventure|Children's
3277,Horror
3278,Drama
3279,Crime|Thriller
3280,Comedy
3281,Drama
3282,Horror
3283,Drama
3284,Comedy|Romance
3285,Sci-Fi
3286,Thriller
3287,Documentary
3288,Drama|Romance
3289,Comedy|Romance
3290,Drama
3291,Drama
3292,Comedy
3293,Comedy|Crime|Drama
3294,Comedy|Drama
3295,Crime|Film-Noir
3296,Western
3297,Action|Adventure|War
3298,War
3299,Romance|Western
3300,Crime
3301,Drama|Thriller
3302,Drama
3303,Action|War
3304,Western
3305,Drama
3306,Sci-Fi
3307,Romance
3308,Drama|War
3309,Drama
3310,Drama
3311,Film-Noir
3312,Comedy|Drama
3313,Drama
3314,Drama|Musical
3315,Action
3316,Comedy
3317,Drama|Mystery
3318,Comedy
3319,Comedy
3320,Action|Adventure
3321,Adventure
3322,Comedy
3323,Comedy
3324,Comedy|Fantasy
3325,Comedy|Romance
3326,Comedy
3327,Children's|Comedy
3328,Children's|Comedy
3329,Children's|Comedy
3330,Children's|Comedy
3331,Animation|Children's
3332,Adventure|Sci-Fi
3333,Drama
3334,Drama|Thriller
3335,Action|Drama
3336,Action|Drama
3337,Action|Adventure|War
3338,Comedy|Drama
3339,Drama
3340,Drama|Thriller
3341,Comedy|Drama
3342,Drama
3343,Adventure
3344,Crime|Drama
3345,Romance
3346,Drama
3347,Drama
3348,Adventure|Comedy|Sci-Fi
3349,Action|Drama
3350,Comedy|Crime
3351,Drama|Thriller
3352,Comedy
3353,Comedy|Romance
3354,Drama
3355,Comedy|Drama
3356,Drama
3357,Drama|Romance
3358,Crime
3359,Drama
3360,Animation|Comedy
3361,Action|Drama
3362,Action|Drama
3363,Action|Drama
3364,Action|Drama
3365,Action|Drama
3366,Crime|Film-Noir
3367,Drama|Romance
3368,Drama
3369,Action|Children's|Fantasy
3370,Action|Children's|Fantasy
3371,Action|Children's|Fantasy
3372,Action|War
3373,Action
3374,Action|Drama|Thriller
3375,Action
3376,Mystery|Thriller
3377,Comedy
3378,Drama
3379,Comedy|Drama|War
3380,Drama
3381,Comedy
3382,Comedy|Drama
3383,Action|Romance
3384,Drama|Romance
3385,Comedy|Romance
3386,Drama|Thriller
3387,Drama
3388,Drama
3389,Drama|Romance
3390,Drama|Horror
3391,Comedy
3392,Adventure|Drama|Thriller
3393,Comedy
3394,Comedy
3395,Sci-Fi|Thriller
3396,Drama
3397,Comedy|Fantasy
3398,Drama|Western
3399,Drama
3400,Drama
3401,Adventure|Drama
3402,Drama|Sci-Fi
3403,Horror
3404,Comedy
3405,Sci-Fi|Thriller
3406,Drama|Romance
3407,Horror|Mystery|Thriller
3408,Comedy|Drama
3409,Drama
3410,Adventure|Fantasy|Romance
3411,Drama
3412,Comedy
3413,Drama
3414,Animation|Children's
3415,Thriller
3416,Horror
3417,Sci-Fi
3418,Western
3419,Horror|Sci-Fi
3420,Adventure|Fantasy
3421,Horror
3422,Comedy
3423,Adventure
3424,Horror
3425,Adventure|Western
3426,Comedy|Drama
3427,Drama
3428,Comedy
3429,Drama
3430,Horror
3431,Comedy|Drama
3432,Comedy|Romance
3433,Drama
3434,Drama|Sci-Fi
3435,Comedy|Drama
3436,Thriller
3437,Comedy|Drama
3438,Comedy
3439,Western
3440,Drama
3441,Drama|Thriller
3442,Comedy
3443,Drama|Romance
3444,Drama|Thriller
3445,Drama
3446,Comedy
3447,Comedy|Romance
3448,Crime|Drama
3449,Drama|Thriller
3450,Action|War
3451,Comedy
3452,Comedy|Crime|Drama
3453,Drama
3454,Action|Thriller
3455,Comedy|Romance
3456,Comedy
3457,Comedy|Drama
3458,Action|Sci-Fi|Thriller
3459,Drama|Romance
3460,Crime|Thriller
3461,Comedy
3462,Comedy|Drama|Romance
3463,Comedy
3464,Drama
3465,Comedy
3466,Comedy|Horror|Thriller
3467,Comedy|Romance
3468,Comedy|Drama
3469,Comedy
3470,Documentary
3471,Romance|Thriller
3472,Action
3473,Drama
3474,Comedy|Drama
3475,Comedy
3476,Musical|War
3477,Drama|Thriller
3478,Drama
3479,Comedy|Drama
3480,Musical
3481,Horror
3482,Thriller
3483,Comedy
3484,Drama|Thriller
3485,Drama|Romance
3486,Action|Thriller
3487,Comedy|Drama
3488,Thriller
3489,Drama
3490,Drama
3491,Drama
3492,Drama
3493,Comedy|Drama
3494,Action|Horror
3495,Children's|Comedy
3496,Comedy|Drama
3497,Comedy|Drama
3498,Comedy
3499,Drama
3500,Comedy|Drama
3501,Drama
3502,Drama
3503,Horror|Sci-Fi
3504,Horror|Sci-Fi
3505,Horror|Sci-Fi
3506,Drama
3507,Action|Horror|Sci-Fi
3508,Drama
3509,Action|Drama
3510,Drama
3511,Drama
3512,Drama
3513,Drama
3514,Drama
3515,Action|Drama|Romance|Thriller
3516,Adventure|War
3517,Drama
3518,Horror
3519,Crime|Drama
3520,Horror
3521,Comedy
3522,Comedy|Drama
3523,Animation|Sci-Fi
3524,Action|Sci-Fi
3525,Drama
3526,Comedy
3527,Comedy
3528,Comedy
3529,Drama
3530,Comedy|Musical
3531,Comedy|Musical
3532,Comedy|Western
3533,Musical
3534,Comedy
3535,Musical
3536,Drama|Musical
3537,Musical
3538,Comedy|Drama|Western
3539,Comedy
3540,Documentary
3541,Musical
3542,Animation|Children's|Comedy
3543,Adventure|Musical|Romance
3544,Comedy
3545,Comedy|Romance
3546,Animation|Children's
3547,Comedy|Romance
3548,Comedy
3549,Comedy
3550,Comedy
3551,Comedy|Drama
3552,Drama|Horror
3553,Comedy
3554,Action|Thriller
3555,Action
3556,Documentary
3557,Comedy
3558,Horror|Thriller
3559,Action|Drama|War
3560,Comedy
3561,Horror
3562,Comedy
3563,Comedy
3564,Action
3565,Thriller
3566,Action
3567,Drama
3568,Drama
3569,Action|Romance|Sci-Fi
3570,Action
3571,Comedy|Drama
3572,Drama
3573,Western
3574,Action|Drama|War
3575,Western
3576,Drama
3577,Comedy
3578,Drama
3579,Horror|Sci-Fi
3580,Drama
3581,Horror
3582,Horror
3583,Horror
3584,Documentary
3585,Action|Drama|War
3586,Drama
3587,Crime
3588,Drama
3589,Sci-Fi
3590,Sci-Fi|Thriller
3591,Horror|Sci-Fi|Thriller
3592,Horror|Sci-Fi|Thriller
3593,Horror|Sci-Fi|Thriller
3594,Horror|Sci-Fi|Thriller
3595,Horror|Sci-Fi|Thriller
3596,Horror|Sci-Fi|Thriller
3597,Horror|Sci-Fi|Thriller
3598,Action|Comedy
3599,Drama|Romance
3600,Comedy
3601,War
3602,Comedy|Western
3603,Adventure|Children's
3604,Adventure|Children's
3605,Adventure|Children's
3606,Musical
3607,Drama|Horror
3608,Documentary
3609,Drama
3610,Documentary
3611,Documentary
3612,Western
3613,Western
3614,Drama|Film-Noir
3615,Drama|Romance
3616,Comedy|Drama|Romance
3617,Thriller
3618,Sci-Fi
3619,Comedy
3620,Comedy
3621,Comedy
3622,Comedy
3623,Comedy|Horror
3624,Comedy|Horror
3625,Comedy|Horror
3626,Comedy|Horror
3627,Comedy|Horror|Sci-Fi
3628,Action|Sci-Fi|Thriller
3629,Action|Adventure|Sci-Fi
3630,Adventure|Drama|Romance|Sci-Fi
3631,Drama|Sci-Fi
3632,Crime|Drama|Sci-Fi
3633,Action|Sci-Fi
3634,Action|Sci-Fi
3635,Action|Sci-Fi
3636,Action|Adventure|Romance|Thriller
3637,Film-Noir|Mystery|Thriller
3638,Drama
3639,Horror|Thriller
3640,Horror
3641,Action|Comedy
3642,Drama
3643,Comedy
3644,Drama
3645,Drama
3646,Comedy
3647,Action|Crime
3648,Action|Crime
3649,Documentary
3650,Comedy|Romance
3651,Drama
3652,Comedy
3653,Comedy
3654,Drama
3655,Drama|War
3656,Animation|Musical
3657,Action|Thriller
3658,Comedy|Horror
3659,Thriller
3660,Action|Crime
3661,Drama|Mystery
3662,Drama|Thriller
3663,Horror
3664,Drama
3665,Drama
3666,Crime|Drama
3667,Drama
3668,Drama|Western
3669,Drama
3670,Comedy|Romance
3671,Action|Comedy
3672,Crime|Drama
3673,Drama|War
3674,Comedy|Romance
3675,Action|Crime
3676,Adventure|Animation|Sci-Fi
3677,Drama|War
3678,Drama
3679,Comedy|Romance
3680,Drama
3681,Drama
3682,Animation|Children's|Comedy
3683,Comedy
3684,Action|Drama|War
3685,Animation|Children's|Comedy
3686,Action|Adventure|Thriller
3687,Drama
3688,Horror
3689,Drama|Sci-Fi|Thriller
3690,Animation|Children's|Musical
3691,Comedy
3692,Crime|Drama
3693,Horror
3694,Action|Crime|Thriller
3695,Action|Crime|Thriller
3696,Drama|Romance
3697,Action|War
3698,Action|War
3699,Action|War
3700,Action
3701,Adventure|Crime|Sci-Fi|Thriller
3702,Action|Adventure
3703,Horror
3704,Comedy
3705,Comedy
3706,Animation|Children's|Musical
3707,Animation|Children's|Musical
3708,Comedy|Horror
3709,Comedy|Drama
3710,Sci-Fi
3711,Sci-Fi
3712,Action|Crime
3713,Action|Crime
3714,Crime|Drama
3715,Comedy
3716,Comedy|Horror
3717,Comedy
3718,Comedy
3719,Drama|Mystery
3720,Drama
3721,Drama
3722,Drama
3723,Western
3724,Action|Sci-Fi
3725,Comedy|Drama
3726,Drama
3727,Romance|Thriller
3728,Thriller
3729,Thriller
3730,Animation|Children's
3731,Drama|Romance
3732,Drama|Mystery
3733,Action|Sci-Fi
3734,Drama
3735,Comedy
3736,Action|Adventure|Drama
3737,Western
3738,Action|Adventure
3739,Drama|War
3740,Comedy
3741,Drama|Thriller
3742,Drama|War
3743,Comedy
3744,Drama
3745,Comedy
3746,Drama
3747,Comedy|Drama
3748,Comedy|Musical
3749,Comedy
3750,Children's
3751,Comedy
3752,Drama|Romance
3753,Drama
3754,Drama|Romance
3755,Drama
3756,Horror|Sci-Fi|Thriller
3757,Action|Sci-Fi
3758,Comedy
3759,Comedy|Romance
3760,Comedy|Horror|Thriller
3761,Comedy
3762,Horror
3763,Horror|Sci-Fi
3764,Adventure|Drama|Romance
3765,Thriller
3766,Action|Comedy|War
3767,Horror
3768,Horror
3769,Horror
3770,Horror
3771,Action|Comedy
3772,Horror
3773,Horror
3774,Drama
3775,Drama
3776,Comedy
3777,Horror
3778,Drama|Thriller
3779,Thriller
3780,Crime|Thriller
3781,Comedy
3782,Comedy
3783,Drama
3784,Drama|Romance
3785,Drama|Romance
3786,Drama
3787,Thriller
3788,Comedy
3789,Documentary
3790,Crime
3791,Comedy
3792,Comedy
3793,Sci-Fi|Thriller
3794,Action|Adventure|Sci-Fi
3795,Comedy|Documentary
3796,Comedy
3797,Drama
3798,Comedy
3799,Comedy
3800,Drama
3801,Drama|Western
3802,Drama
3803,Comedy|Western
3804,Comedy|Romance
3805,Horror
3806,Drama
3807,Action|Adventure|Fantasy
3808,Sci-Fi
3809,Action
3810,Documentary
3811,Documentary
3812,Comedy
3813,Comedy|Drama
3814,Comedy
3815,Comedy|Romance
3816,Drama
3817,Drama
3818,Drama|Romance
3819,Action|Adventure|Fantasy
3820,Documentary
3821,Crime|Drama
3822,Horror
3823,Comedy|Thriller
3824,Drama
3825,Crime|Thriller
3826,Crime|Thriller
3827,Comedy|Drama
3828,Action|Comedy
3829,Comedy
3830,Comedy|Drama
3831,Comedy|Drama
3832,Drama
3833,Drama
3834,Drama
3835,Comedy
3836,Crime
3837,Drama
3838,Horror
3839,Comedy|Romance
3840,Drama|Musical
3841,Comedy
3842,Comedy|Drama
3843,Documentary
3844,Drama
3845,Drama
3846,Drama
3847,Horror
3848,Horror
3849,Horror
3850,Drama|Fantasy
3851,Comedy
3852,Comedy
3853,Horror|Sci-Fi
3854,Comedy
3855,Comedy
3856,Adventure|Sci-Fi
3857,Adventure|Sci-Fi
3858,Comedy|Horror
3859,Comedy
3860,Horror
3861,Horror|Sci-Fi
3862,Horror|Sci-Fi
3863,Horror|Sci-Fi
3864,Sci-Fi
3865,Horror
3866,Drama|Thriller
3867,Sci-Fi|Thriller
3868,Horror
3869,Horror
3870,Horror
3871,Horror
3872,Horror
3873,Comedy
3874,Comedy|Drama
3875,Adventure|Animation|Children's
3876,Action|Drama|Thriller
3877,Thriller
3878,Comedy
3879,Drama
3880,Drama
3881,Drama
3882,Drama|Thriller
